benchmark,D,best,mean,std
beale,2,0.0,0.0,0.0
rosenbrock,2,0.0,0.0,0.0
rosenbrock,3,0.0,0.0,0.0
rosenbrock,10,2.8831444968200555,4.324694485561657,1.554361643396342
rastrigin,2,0.0,0.0,0.0
rastrigin,10,21.725926913584885,36.41651784918285,8.237502684559516
